{
	"description": "项目配置文件",
	"packOptions": {
		"ignore": []
	},
	"setting": {
		"urlCheck": false,
		"es6": true,
		"postcss": true,
		"minified": true,
		"newFeature": true,
		"autoAudits": false
	},
	"compileType": "miniprogram",
	"libVersion": "2.6.6",
	"appid": "wx1ac97ede09d653da",
	"projectname": "BBDJ",
	"debugOptions": {
		"hidedInDevtools": []
	},
	"isGameTourist": false,
	"simulatorType": "wechat",
	"simulatorPluginLibVersion": {},
	"condition": {
		"search": {
			"current": -1,
			"list": []
		},
		"conversation": {
			"current": -1,
			"list": []
		},
		"plugin": {
			"current": -1,
			"list": []
		},
		"game": {
			"currentL": -1,
			"list": []
		},
		"miniprogram": {
			"current": 12,
			"list": [
				{
					"id": 0,
					"name": "indexpage",
					"pathName": "pages/indexpage/indexpage",
					"query": ""
				},
				{
					"id": 1,
					"name": "make",
					"pathName": "pages/make/make",
					"query": ""
				},
				{
					"id": 2,
					"name": "wait",
					"pathName": "pages/wait/wait",
					"query": ""
				},
				{
					"id": 3,
					"name": "cancel",
					"pathName": "pages/cancel/cancel",
					"query": ""
				},
				{
					"id": -1,
					"name": "site",
					"pathName": "pages/site/site",
					"query": ""
				},
				{
					"id": 5,
					"name": "tzwater",
					"pathName": "pages/tzwater/tzwater",
					"query": ""
				},
				{
					"id": -1,
					"name": "make_water",
					"pathName": "pages/makeWater/makeWater",
					"query": ""
				},
				{
					"id": -1,
					"name": "tzsite",
					"pathName": "pages/tzsite/tzsite",
					"query": ""
				},
				{
					"id": -1,
					"name": "personal",
					"pathName": "pages/personal/personal",
					"query": ""
				},
				{
					"id": -1,
					"name": "order",
					"pathName": "pages/order/order",
					"query": "",
					"scene": null
				},
				{
					"id": -1,
					"name": "wash",
					"pathName": "pages/wash/wash",
					"query": "",
					"scene": null
				},
				{
					"id": -1,
					"name": "express",
					"pathName": "pages/express/express",
					"query": "",
					"scene": null
				},
				{
					"id": 12,
					"name": "community",
					"pathName": "pages/community/community",
					"query": "",
					"scene": null
				}
			]
		}
	}
}